{
    "materials": [{
        "vertexColors": false,
        "depthWrite": true,
        "emissive": 0,
        "blending": "NormalBlending",
        "specular": 8355711,
        "ambient": 10724259,
        "color": 10724259,
        "shininess": 50,
        "uuid": "FC9C3C1C-87E7-3748-8148-105003E5F3D5",
        "depthTest": true,
        "name": "Material",
        "type": "MeshPhongMaterial"
    }],
    "geometries": [{
        "uuid": "46F663D5-B09D-39EE-85DE-F6DB3894C00C",
        "materials": [{
            "colorEmissive": [0,0,0],
            "DbgIndex": 0,
            "depthWrite": true,
            "transparent": false,
            "shading": "phong",
            "blending": "NormalBlending",
            "wireframe": false,
            "colorDiffuse": [0.64,0.64,0.64],
            "DbgColor": 15658734,
            "DbgName": "Material",
            "visible": true,
            "colorSpecular": [0.5,0.5,0.5],
            "depthTest": true,
            "specularCoef": 50,
            "colorAmbient": [0.64,0.64,0.64],
            "opacity": 1
        }],
        "data": {
            "vertices": [0,0,-10,7.23607,-5.25725,-4.4722,-2.76388,-8.50649,-4.4722,-8.94426,0,-4.47216,-2.76388,8.50649,-4.4722,7.23607,5.25725,-4.4722,2.76388,-8.50649,4.4722,-7.23607,-5.25725,4.4722,-7.23607,5.25725,4.4722,2.76388,8.50649,4.4722,8.94426,0,4.47216,0,0,10,-1.62456,-4.99995,-8.50654,4.25323,-3.09011,-8.50654,2.62869,-8.09012,-5.25738,8.50648,0,-5.25736,4.25323,3.09011,-8.50654,-5.2573,0,-8.50652,-6.88189,-4.99997,-5.25736,-1.62456,4.99995,-8.50654,-6.88189,4.99997,-5.25736,2.62869,8.09012,-5.25738,9.51058,-3.09013,0,9.51058,3.09013,0,0,-10,0,5.87786,-8.09017,0,-9.51058,-3.09013,0,-5.87786,-8.09017,0,-5.87786,8.09017,0,-9.51058,3.09013,0,5.87786,8.09017,0,0,10,0,6.88189,-4.99997,5.25736,-2.62869,-8.09012,5.25738,-8.50648,0,5.25736,-2.62869,8.09012,5.25738,6.88189,4.99997,5.25736,1.62456,-4.99995,8.50654,5.2573,0,8.50652,-4.25323,-3.09011,8.50654,-4.25323,3.09011,8.50654,1.62456,4.99995,8.50654],
            "metadata": {
                "normals": 42,
                "generator": "io_three",
                "faces": 80,
                "uvs": 0,
                "vertices": 42,
                "materials": 1,
                "version": 3
            },
            "uvs": [],
            "name": "IcosphereGeometry.1",
            "normals": [0,0,1,0.16245,0.499985,0.850642,-0.425306,0.309,0.850642,-0.723594,0.525712,0.447188,-0.850642,0,0.525712,0.525712,0,0.850642,0.16245,-0.499985,0.850642,-0.425306,-0.309,0.850642,-0.951048,0.309,0,0.276376,0.850642,0.447218,0,1,0,-0.262856,0.808985,0.525712,0.894406,0,0.447188,0.951048,0.309,0,0.688162,0.499985,0.525712,0.276376,-0.850642,0.447218,0.587756,-0.809015,0,0.688162,-0.499985,0.525712,-0.723594,-0.525712,0.447188,-0.587756,-0.809015,0,-0.262856,-0.808985,0.525712,-0.587756,0.809015,0,0.587756,0.809015,0,0.951048,-0.309,0,0,-1,0,-0.951048,-0.309,0,-0.276376,0.850642,-0.447218,-0.16245,0.499985,-0.850642,-0.688162,0.499985,-0.525712,0.723594,0.525712,-0.447188,0.425306,0.309,-0.850642,0.262856,0.808985,-0.525712,0.723594,-0.525712,-0.447188,0.425306,-0.309,-0.850642,0.850642,0,-0.525712,-0.276376,-0.850642,-0.447218,-0.16245,-0.499985,-0.850642,0.262856,-0.808985,-0.525712,-0.894406,0,-0.447188,-0.525712,0,-0.850642,-0.688162,-0.499985,-0.525712,0,0,-1],
            "faces": [34,0,12,13,0,0,1,2,34,1,15,13,0,3,4,2,34,0,17,12,0,0,5,1,34,0,19,17,0,0,6,5,34,0,16,19,0,0,7,6,34,1,22,15,0,3,8,4,34,2,24,14,0,9,10,11,34,3,26,18,0,12,13,14,34,4,28,20,0,15,16,17,34,5,30,21,0,18,19,20,34,1,25,22,0,3,21,8,34,2,27,24,0,9,22,10,34,3,29,26,0,12,23,13,34,4,31,28,0,15,24,16,34,5,23,30,0,18,25,19,34,6,37,32,0,26,27,28,34,7,39,33,0,29,30,31,34,8,40,34,0,32,33,34,34,9,41,35,0,35,36,37,34,10,38,36,0,38,39,40,34,38,11,41,0,39,41,36,34,38,41,36,0,39,36,40,34,36,41,9,0,40,36,35,34,41,11,40,0,36,41,33,34,41,40,35,0,36,33,37,34,35,40,8,0,37,33,32,34,40,11,39,0,33,41,30,34,40,39,34,0,33,30,34,34,34,39,7,0,34,30,29,34,39,11,37,0,30,41,27,34,39,37,33,0,30,27,31,34,33,37,6,0,31,27,26,34,37,11,38,0,27,41,39,34,37,38,32,0,27,39,28,34,32,38,10,0,28,39,38,34,23,10,36,0,25,38,40,34,23,36,30,0,25,40,19,34,30,36,9,0,19,40,35,34,31,9,35,0,24,35,37,34,31,35,28,0,24,37,16,34,28,35,8,0,16,37,32,34,29,8,34,0,23,32,34,34,29,34,26,0,23,34,13,34,26,34,7,0,13,34,29,34,27,7,33,0,22,29,31,34,27,33,24,0,22,31,10,34,24,33,6,0,10,31,26,34,25,6,32,0,21,26,28,34,25,32,22,0,21,28,8,34,22,32,10,0,8,28,38,34,30,9,31,0,19,35,24,34,30,31,21,0,19,24,20,34,21,31,4,0,20,24,15,34,28,8,29,0,16,32,23,34,28,29,20,0,16,23,17,34,20,29,3,0,17,23,12,34,26,7,27,0,13,29,22,34,26,27,18,0,13,22,14,34,18,27,2,0,14,22,9,34,24,6,25,0,10,26,21,34,24,25,14,0,10,21,11,34,14,25,1,0,11,21,3,34,22,10,23,0,8,38,25,34,22,23,15,0,8,25,4,34,15,23,5,0,4,25,18,34,16,5,21,0,7,18,20,34,16,21,19,0,7,20,6,34,19,21,4,0,6,20,15,34,19,4,20,0,6,15,17,34,19,20,17,0,6,17,5,34,17,20,3,0,5,17,12,34,17,3,18,0,5,12,14,34,17,18,12,0,5,14,1,34,12,18,2,0,1,14,9,34,15,5,16,0,4,18,7,34,15,16,13,0,4,7,2,34,13,16,0,0,2,7,0,34,12,2,14,0,1,9,11,34,12,14,13,0,1,11,2,34,13,14,1,0,2,11,3]
        },
        "type": "Geometry"
    }],
    "metadata": {
        "generator": "io_three",
        "type": "Object",
        "sourceFile": "hubLowpoly.blend",
        "version": 4.3
    },
    "images": [],
    "object": {
        "uuid": "57A7703B-7E74-4322-B08D-39ABAD7E4F96",
        "children": [{
            "type": "Mesh",
            "name": "dome",
            "uuid": "EA631B43-880D-3D2D-81EC-1E9F53EDDE93",
            "matrix": [-1,0,0,0,0,0,1,0,0,1,0,0,0,2,0,1],
            "visible": true,
            "material": "FC9C3C1C-87E7-3748-8148-105003E5F3D5",
            "castShadow": true,
            "receiveShadow": true,
            "geometry": "46F663D5-B09D-39EE-85DE-F6DB3894C00C"
        }],
        "matrix": [1,0,0,0,0,1,0,0,0,0,1,0,0,0,0,1],
        "type": "Scene"
    },
    "textures": []
}